total_runs,total_successful_runs,total_time_sec,mean_time_sec,std_time_sec,best_time_sec,worst_time_sec
1980,1980,0.6222630000000016,0.00031427424242424243,9.416487819798973e-05,0.000188,0.001045
