total_runs,total_successful_runs,total_time_sec,mean_time_sec,std_time_sec,best_time_sec,worst_time_sec
3000,3000,0.9219289999999984,0.00030730966666666666,8.113610647068432e-05,0.000165,0.001356
