total_runs,total_successful_runs,total_time_sec,mean_time_sec,std_time_sec,best_time_sec,worst_time_sec
1590,1590,0.35794499999999935,0.00022512264150943397,3.422168833898842e-05,0.000188,0.000674
