total_runs,total_successful_runs,total_time_sec,mean_time_sec,std_time_sec,best_time_sec,worst_time_sec
3000,1590,0.3612449999999991,0.00022719811320754717,3.7675280873443326e-05,0.000187,0.000621
