total_runs,total_successful_runs,total_time_sec,mean_time_sec,std_time_sec,best_time_sec,worst_time_sec
3000,3000,0.7958830000000017,0.0002652943333333334,0.000109344402544844,0.000105,0.001163
