total_runs,total_successful_runs,total_time_sec,mean_time_sec,std_time_sec,best_time_sec,worst_time_sec
3000,3000,0.8050609999999986,0.0002683536666666667,0.00011552004409000005,0.000107,0.001195
